1541185809683,674,Home,200,OK,Thread Group 1-1,text,true,,8540,117,3,3,http://blazedemo.com/,673,0,397
1541185810102,305,Home,200,OK,Thread Group 1-2,text,true,,3124,117,2,2,http://blazedemo.com/,305,0,2
1541185810604,211,Home,200,OK,Thread Group 1-3,text,true,,8539,117,2,2,http://blazedemo.com/,211,0,3
1541185811104,262,Home,200,OK,Thread Group 1-4,text,true,,8540,117,2,2,http://blazedemo.com/,262,0,3
1541185811605,225,Home,200,OK,Thread Group 1-5,text,true,,8539,117,2,2,http://blazedemo.com/,225,0,2
1541185812104,262,Home,200,OK,Thread Group 1-6,text,true,,8540,117,2,2,http://blazedemo.com/,262,0,3
1541185812610,247,Home,200,OK,Thread Group 1-7,text,true,,3124,117,2,2,http://blazedemo.com/,247,0,3
1541185813104,205,Home,200,OK,Thread Group 1-8,text,true,,8539,117,2,2,http://blazedemo.com/,205,0,2
1541185813604,226,Home,200,OK,Thread Group 1-9,text,true,,8539,117,2,2,http://blazedemo.com/,226,0,3
1541185814104,230,Home,200,OK,Thread Group 1-10,text,true,,8539,117,1,1,http://blazedemo.com/,230,0,3
